person_id,service_date,first_name,middle_name,last_name,dob,ssn
1000,2020-10-20,vicky,Kathy,Singh,1984-04-01,895-37-4654
1001,2021-09-06,Gary,Stacey,Watson,1984-10-22,220-72-9331
1002,2020-11-07,Anna,Joseph,Camacho,1996-04-11,404-44-6841
1003,2021-10-24,Rose,Amanda,Powers,1989-12-27,072-45-6710
1004,2020-12-26,Rebecca,Steven,Zuniga,1962-03-10,624-34-0417
1005,2021-08-10,trudy,James,Sims,1986-08-10,594-16-0019
1006,2020-11-07,lucas,Dustin,Mccarty,1985-09-19,287-46-6447
1007,2021-10-21,Marcus,Dustin,Frye,1998-02-21,696-12-9088
1008,2021-05-09,John,Brian,Brown,1990-02-26,456-39-7324
1009,2021-01-06,Tracey,Devin,Adams,1961-09-24,459-84-2417
1010,2020-09-20,Gabrielle,Kristin,Baker,1974-03-12,274-78-7065
1011,2021-06-04,Kyle,Madison,Potts,1992-09-02,775-04-0217
1012,2021-07-07,tobias,Nicholas,Harris,1999-12-14,292-82-5257
1013,2020-10-12,kathleen,Dillon,Duncan,1977-07-10,323-96-8830
1014,2021-05-12,rich,Yolanda,Wright,1969-11-08,847-46-2572
1015,2021-02-17,Timothy,Joseph,Dodson,1981-11-03,172-53-0064
1016,2020-11-24,bab,Joshua,Wise,1971-12-26,235-33-8539
1017,2021-10-27,Lisa,Tina,Thompson,1980-12-16,061-81-9889
1018,2021-01-27,Rebecca,Lydia,Bentley,1983-03-14,266-71-2424
1019,2021-01-27,avarilla,Michelle,Benton,1961-09-10,073-05-7081
1020,2021-05-28,chick,Walter,Mckenzie,1997-03-11,827-82-7571
1021,2021-04-13,Terri,Sharon,Webb,1995-03-29,436-02-8463
1022,2021-08-17,aleva,Rebekah,Decker,1971-10-28,554-02-4122
1023,2021-10-16,Greg,Emily,Wiggins,1999-03-10,205-88-9464
1024,2021-04-21,Angela,Ariel,Torres,1997-11-01,433-11-6545
1025,2021-11-13,Kyle,Riley,Pace,1990-02-22,164-37-0280
